estimate	p.value	conf.low	conf.high	method	alternative
4.888263463604187	0.004820317081694883	1.5193357803603715	16.72226623991875	Fisher's Exact Test for Count Data	two.sided
