term	estimate	std.error	statistic	p.value
(Intercept)	-1.3923029938413554	0.43126718291160626	-3.2284000476028005	0.001244847531059753
myc_partner_igh_binaryIGH	0.2275885011460425	0.39064224276802595	0.5826008460666933	0.5601620357216555
ffpeFFPE	1.2363863879194723	0.46655165341918287	2.650052526571191	0.008047925753985212
