estimate	p.value	conf.low	conf.high	method	alternative
0.0761934250105013	4.940596855552612e-20	0.039306965982133645	0.1430812939358222	Fisher's Exact Test for Count Data	two.sided
